{"stats":{"minecraft:killed_by":{"minecraft:zombie":1},"minecraft:used":{"minecraft:bread":1},"minecraft:picked_up":{"mores:sterling_pickaxe":1,"minecraft:cobblestone":1},"minecraft:custom":{"minecraft:jump":134,"minecraft:open_chest":7,"minecraft:time_since_rest":6987,"minecraft:sprint_one_cm":36505,"minecraft:crouch_one_cm":663,"minecraft:walk_one_cm":11735,"minecraft:leave_game":2,"minecraft:play_time":10600,"minecraft:damage_taken":440,"minecraft:time_since_death":9386,"minecraft:deaths":1,"minecraft:sneak_time":1817,"minecraft:climb_one_cm":1070,"minecraft:total_world_time":10600,"minecraft:talked_to_villager":1,"minecraft:fall_one_cm":3684,"minecraft:fly_one_cm":27171}},"DataVersion":3465}