{"stats":{"minecraft:picked_up":{"minecraft:raw_iron":64,"minecraft:diamond":64,"minecraft:leather":64,"minecraft:raw_gold":128,"minecraft:emerald":64,"minecraft:lapis_lazuli":64,"minecraft:coal":128,"minecraft:dirt":9},"minecraft:custom":{"minecraft:time_since_rest":17577,"minecraft:crouch_one_cm":537,"minecraft:play_time":17577,"minecraft:sprint_one_cm":19207,"minecraft:damage_taken":60,"minecraft:walk_one_cm":10536,"minecraft:sneak_time":153,"minecraft:jump":102,"minecraft:time_since_death":17577,"minecraft:total_world_time":17577,"minecraft:fall_one_cm":3492,"minecraft:fly_one_cm":18501},"minecraft:used":{"minecraft:dirt":7},"minecraft:mined":{"minecraft:grass":3,"minecraft:grass_block":1,"minecraft:dirt":8,"minecraft:oak_leaves":2}},"DataVersion":3465}