{"stats":{"minecraft:picked_up":{"minecraft:dirt":1},"minecraft:custom":{"minecraft:jump":78,"minecraft:time_since_rest":5577,"minecraft:sprint_one_cm":14788,"minecraft:play_time":5577,"minecraft:damage_taken":30,"minecraft:time_since_death":5577,"minecraft:walk_one_cm":6640,"minecraft:total_world_time":5577,"minecraft:fall_one_cm":2462,"minecraft:fly_one_cm":13493},"minecraft:used":{"minecraft:dirt":1},"minecraft:mined":{"minecraft:grass":3,"minecraft:grass_block":1,"minecraft:oak_leaves":2}},"DataVersion":3465}