{"stats":{"minecraft:picked_up":{"minecraft:raw_iron":64,"minecraft:diamond":64,"minecraft:leather":64,"minecraft:raw_gold":128,"minecraft:emerald":64,"minecraft:lapis_lazuli":64,"minecraft:coal":128,"minecraft:dirt":9},"minecraft:custom":{"minecraft:time_since_rest":29577,"minecraft:crouch_one_cm":732,"minecraft:play_time":29577,"minecraft:sprint_one_cm":35999,"minecraft:damage_taken":70,"minecraft:walk_one_cm":12996,"minecraft:sneak_time":434,"minecraft:walk_under_water_one_cm":31,"minecraft:drop":388,"minecraft:jump":167,"minecraft:damage_dealt":10,"minecraft:walk_on_water_one_cm":649,"minecraft:time_since_death":29577,"minecraft:total_world_time":29577,"minecraft:swim_one_cm":426,"minecraft:fall_one_cm":5141,"minecraft:fly_one_cm":132047},"minecraft:used":{"minecraft:dirt":7},"minecraft:mined":{"minecraft:grass":5,"minecraft:grass_block":1,"minecraft:dirt":8,"minecraft:oak_leaves":2},"minecraft:dropped":{"minecraft:dirt":2,"minecraft:lapis_lazuli":64,"minecraft:tnt":2,"minecraft:diamond":64,"minecraft:coal":128,"minecraft:raw_iron":64,"minecraft:emerald":64}},"DataVersion":3465}