{"stats":{"minecraft:mined":{"minecraft:raw_iron_block":1,"regions_unexplored:mossy_stone":1,"minecraft:crafting_table":1,"minecraft:grass_block":7,"minecraft:oak_log":15,"crittersandcompanions:silk_cocoon":1,"minecraft:dirt":15,"minecraft:tall_grass":3,"regions_unexplored:medium_grass":1,"minecraft:stone":17,"minecraft:fern":2},"minecraft:dropped":{"mores:sterling_pickaxe":1},"minecraft:used":{"mores:sterling_pickaxe":6,"minecraft:apple":2,"minecraft:iron_axe":11,"minecraft:stone_shovel":20,"minecraft:stone_pickaxe":9,"minecraft:wooden_pickaxe":4,"minecraft:stone_axe":8,"minecraft:dirt":1,"minecraft:crafting_table":1},"minecraft:killed":{"minecraft:zombie":1,"born_in_chaos_v1:baby_skeleton":1,"alexsmobs:fly":1,"enemyexpansion:direwolf":1},"minecraft:picked_up":{"minecraft:stick":5,"minecraft:raw_iron":1,"minecraft:crafting_table":1,"minecraft:raw_iron_block":1,"minecraft:oak_log":15,"minecraft:mossy_cobblestone":1,"minecraft:dirt":21,"minecraft:iron_axe":1,"minecraft:item_frame":4,"minecraft:bone":1,"minecraft:oak_sign":1,"minecraft:rabbit_hide":3,"crittersandcompanions:silk":5,"minecraft:iron_ingot":1,"minecraft:iron_nugget":3,"alexsmobs:maggot":2,"minecraft:oak_sapling":6,"minecraft:iron_sword":1,"minecraft:cobblestone":16},"minecraft:custom":{"minecraft:time_since_rest":13662,"minecraft:sprint_one_cm":88852,"minecraft:damage_taken":795,"minecraft:walk_one_cm":56206,"minecraft:mob_kills":4,"minecraft:drop":1,"minecraft:damage_dealt":352,"minecraft:interact_with_crafting_table":4,"minecraft:swim_one_cm":5090,"minecraft:fly_one_cm":47204,"minecraft:open_chest":5,"minecraft:crouch_one_cm":6110,"minecraft:play_time":19468,"tombstone:undead_killed":2,"minecraft:deaths":2,"minecraft:sneak_time":2943,"minecraft:walk_under_water_one_cm":3376,"minecraft:jump":275,"minecraft:leave_game":1,"minecraft:walk_on_water_one_cm":958,"minecraft:time_since_death":14940,"minecraft:total_world_time":19468,"minecraft:fall_one_cm":4470},"minecraft:crafted":{"minecraft:oak_planks":20,"minecraft:stone_shovel":1,"minecraft:crafting_table":1,"minecraft:stick":12,"minecraft:wooden_pickaxe":1,"minecraft:stone_pickaxe":1,"minecraft:stone_axe":1}},"DataVersion":3465}