{"stats":{"minecraft:killed":{"minecraft:frog":1,"minecraft:creeper":1,"minecraft:blaze":1},"minecraft:picked_up":{"minecraft:rotten_flesh":2,"minecraft:wheat_seeds":8,"minecraft:gunpowder":1,"minecraft:dirt":13},"minecraft:custom":{"minecraft:time_since_rest":14261,"minecraft:crouch_one_cm":575,"minecraft:play_time":14261,"minecraft:sprint_one_cm":30674,"minecraft:walk_one_cm":22475,"minecraft:damage_taken":80,"minecraft:sneak_time":546,"minecraft:mob_kills":3,"minecraft:drop":16,"minecraft:jump":334,"minecraft:damage_dealt":520,"minecraft:time_since_death":14261,"minecraft:walk_on_water_one_cm":79,"minecraft:total_world_time":14261,"minecraft:fall_one_cm":6399,"minecraft:fly_one_cm":124742},"minecraft:used":{"minecraft:frog_spawn_egg":1,"minecraft:blaze_spawn_egg":1,"minecraft:oak_leaves":20,"minecraft:netherite_sword":9,"minecraft:dirt":13},"minecraft:mined":{"minecraft:grass":84,"minecraft:tall_grass":17,"minecraft:oak_leaves":1},"minecraft:dropped":{"minecraft:leather":64,"minecraft:wheat_seeds":8,"minecraft:lapis_lazuli":64,"minecraft:raw_gold":128,"minecraft:diamond":64,"minecraft:oak_leaves":1,"minecraft:coal":128,"minecraft:raw_iron":64,"minecraft:emerald":64}},"DataVersion":3465}