{"stats":{"minecraft:mined":{"minecraft:oak_log":5},"minecraft:picked_up":{"minecraft:oak_log":5,"minecraft:oak_sapling":4},"minecraft:custom":{"minecraft:jump":76,"minecraft:deaths":2,"minecraft:time_since_rest":1,"minecraft:damage_dealt":10,"minecraft:walk_on_water_one_cm":344,"minecraft:sprint_one_cm":31942,"minecraft:crouch_one_cm":6110,"minecraft:play_time":5362,"minecraft:damage_taken":625,"minecraft:time_since_death":834,"minecraft:walk_one_cm":10186,"minecraft:sneak_time":2495,"minecraft:total_world_time":5362,"minecraft:fall_one_cm":1022,"minecraft:fly_one_cm":12824},"minecraft:crafted":{"minecraft:crafting_table":1,"minecraft:oak_planks":20}},"DataVersion":3465}