{"stats":{"minecraft:picked_up":{"minecraft:wheat_seeds":3},"minecraft:custom":{"minecraft:jump":146,"minecraft:time_since_rest":2261,"minecraft:damage_dealt":10,"minecraft:sprint_one_cm":14562,"minecraft:play_time":2261,"minecraft:damage_taken":20,"minecraft:time_since_death":2261,"minecraft:walk_one_cm":1145,"minecraft:total_world_time":2261,"minecraft:drop":3,"minecraft:fall_one_cm":4667,"minecraft:fly_one_cm":39869},"minecraft:mined":{"minecraft:tall_grass":9,"minecraft:grass":34},"minecraft:dropped":{"minecraft:wheat_seeds":3}},"DataVersion":3465}