{"stats":{"minecraft:killed":{"minecraft:frog":1,"minecraft:creeper":1,"minecraft:blaze":1},"minecraft:picked_up":{"minecraft:raw_iron":28,"minecraft:azure_bluet":1,"minecraft:dandelion":9,"minecraft:potato":2,"minecraft:oak_stairs":6,"minecraft:oak_log":1,"minecraft:gunpowder":1,"minecraft:dirt":135,"minecraft:mossy_cobblestone":1,"minecraft:rotten_flesh":2,"minecraft:wheat_seeds":8,"minecraft:poppy":1,"minecraft:coal":4,"minecraft:oxeye_daisy":1,"minecraft:cobblestone":35},"minecraft:custom":{"minecraft:time_since_rest":26261,"minecraft:sprint_one_cm":82607,"minecraft:damage_taken":80,"minecraft:walk_one_cm":25591,"minecraft:mob_kills":3,"minecraft:drop":41,"minecraft:damage_dealt":520,"minecraft:swim_one_cm":534,"minecraft:fly_one_cm":328026,"minecraft:crouch_one_cm":577,"minecraft:play_time":26261,"minecraft:sneak_time":572,"minecraft:walk_under_water_one_cm":165,"minecraft:jump":720,"minecraft:walk_on_water_one_cm":1709,"minecraft:time_since_death":26261,"minecraft:total_world_time":26261,"minecraft:fall_one_cm":6399},"minecraft:used":{"minecraft:frog_spawn_egg":1,"minecraft:netherite_sword":9,"minecraft:redstone_block":2,"minecraft:blaze_spawn_egg":1,"minecraft:oak_leaves":20,"minecraft:torch":37,"minecraft:dirt":13,"minecraft:tnt":56},"minecraft:mined":{"minecraft:grass":84,"minecraft:tall_grass":17,"minecraft:oak_leaves":1},"minecraft:dropped":{"minecraft:oxeye_daisy":1,"minecraft:poppy":1,"minecraft:dirt":85,"minecraft:wheat_seeds":8,"minecraft:gunpowder":1,"minecraft:lapis_lazuli":64,"minecraft:oak_log":1,"minecraft:mossy_cobblestone":1,"minecraft:diamond":64,"minecraft:raw_iron":92,"minecraft:frog_spawn_egg":1,"minecraft:cobblestone":35,"minecraft:rotten_flesh":2,"minecraft:enchanted_golden_apple":1,"minecraft:leather":64,"minecraft:raw_gold":128,"minecraft:oak_leaves":1,"minecraft:coal":132,"minecraft:dandelion":9,"minecraft:emerald":64}},"DataVersion":3465}